{"31kitty":{"Space":"20","modkeys":"","version":"1b5b3e313b343030303b323163","C-Tab":"","A-Esc":"1b5b32373b313175","C-Space":"1b5b33323b3575","S-C-I":"1b5b3130353b3675","C-I":"1b5b3130353b3575","S-Tab":"1b5b393b3275","Tab":"09","resource":"","A-Tab":"1b5b393b313175","S-Space":"20","C-Esc":"1b5b32373b3575","kitty":"1b5b3f3175","protocol":"kitty","A-Space":"1b5b33323b313175","S-Esc":"1b5b32373b3275","Esc":"1b5b323775"},"32libvterm":{"Space":"20","modkeys":"","version":"1b5b3e303b3130303b3063","C-Tab":"","A-Esc":"1b5b32373b3375","C-Space":"1b5b33323b3575","S-C-I":"1b5b3130353b3675","C-I":"1b5b3130353b3575","S-Tab":"1b5b393b3275","Tab":"09","resource":"","A-Tab":"1b5b393b3375","S-Space":"20","C-Esc":"1b5b32373b3575","kitty":"1b5b3f3175","protocol":"kitty","A-Space":"1b5b33323b3375","S-Esc":"1b5b32373b3275","Esc":"1b5b323775"},"22libvterm":{"Space":"20","modkeys":"\u001b[>4;2m","version":"1b5b3e303b3130303b3063","C-Tab":"1b5b32373b353b397e","A-Esc":"1b5b32373b333b32377e","C-Space":"1b5b32373b353b33327e","S-C-I":"1b5b32373b363b37337e","C-I":"1b5b32373b353b3130357e","S-Tab":"1b5b5a","Tab":"09","resource":"","A-Tab":"1b5b32373b333b397e","S-Space":"1b5b32373b323b33327e","C-Esc":"1b5b32373b353b32377e","kitty":"","protocol":"mok2","A-Space":"1b5b32373b333b33327e","S-Esc":"1b5b32373b323b32377e","Esc":"1b"},"13kitty":{"Space":"20","modkeys":"","version":"1b5b3e313b343030303b323163","C-Tab":"","A-Esc":"1b1b","S-C-I":"1b5b3130353b3675","C-I":"09","S-Tab":"1b5b5a","Tab":"09","S-Space":"20","A-Tab":"1b09","resource":"","C-Esc":"1b","kitty":"1b5b3f3075","protocol":"none","A-Space":"1b5b33323b313175","S-Esc":"1b","Esc":"1b"},"21xterm":{"Space":"20","modkeys":"\u001b[>4;2m","version":"1b5b3e34313b3337373b3063","C-Tab":"1b5b32373b353b397e","A-Esc":"1b5b32373b333b32377e","C-Space":"1b5b32373b353b33327e","S-C-I":"1b5b32373b363b37337e","C-I":"1b5b32373b353b3130357e","S-Tab":"1b5b5a","Tab":"09","resource":"=30","A-Tab":"1b5b32373b333b397e","S-Space":"1b5b32373b323b33327e","C-Esc":"1b5b32373b353b32377e","kitty":"","protocol":"mok2","A-Space":"1b5b32373b333b33327e","S-Esc":"1b5b32373b323b32377e","Esc":"1b"},"12libvterm":{"Space":"20","modkeys":"\u001b[>4;0m","version":"1b5b3e303b3130303b3063","C-Tab":"1b5b393b3575","A-Esc":"9b00","S-C-I":"1b5b5a","C-I":"09","S-Tab":"1b5b5a","Tab":"09","resource":"","A-Tab":"8900","S-Space":"1b5b33323b3275","C-Esc":"1b5b32373b3575","kitty":"1b5b3f3075","protocol":"none","A-Space":"a000","S-Esc":"1b5b32373b3275","Esc":"1b"},"11xterm":{"Space":"20","modkeys":"\u001b[>4;0m","version":"1b5b3e34313b3337373b3063","C-Tab":"09","A-Esc":"9b00","S-C-I":"09","C-I":"09","S-Tab":"1b5b5a","Tab":"09","S-Space":"20","A-Tab":"8900","resource":"","C-Esc":"1b","kitty":"","protocol":"none","A-Space":"a000","S-Esc":"1b","Esc":"1b"}}
